customer_id,customer_name,customer_ph,email_id,address
1,Joseph Harris,900-673-6949,mollycruz@example.com,"74258 Kimberly Square Suite 122 Lake Dylanview, KS 27683"
2,Jonathan Hardy,818-359-3099,adam33@example.org,"02258 Patricia Dale Kimberlyview, SD 04779"
3,Linda Hernandez,803-837-4892,webbjean@example.com,"119 Timothy Dale Suite 119 Kathystad, IA 36516"
4,Charlene Perkins,425-344-0124,sierrawilson@example.org,"41764 Emily Forge East Deborahton, AR 74415"
5,Lori Williams,253-368-8871,camposkimberly@example.org,"86709 Elizabeth Pine Suite 392 South Emily, RI 87801"
6,Kelsey Booth,964-309-6401,dtrevino@example.org,"67180 Pham Divide West Melissa, WV 15104"
7,Margaret Kennedy,995-880-4107,imitchell@example.net,"359 Austin Lock Apt. 306 Pattersonhaven, VI 44158"
8,Christine Clark,374-526-6719,eferrell@example.net,"USCGC Mueller FPO AP 49972"
9,Donald Cuevas,585-972-0364,thomasjesus@example.net,"435 Boyd Radial Suite 391 Lake Alexfort, MN 86147"
10,Monica Walker,968-542-1678,anabullock@example.com,"3089 Lisa Loop West Alyssa, RI 61351"
11,Daniel Perkins,675-385-3654,matthewbryant@example.com,"40134 Nelson Drive Kathleenport, VA 79773"
12,Jessica Conrad,417-507-4749,julie33@example.net,"5675 Anthony Forest Apt. 740 Petermouth, MT 39776"
13,Christopher Delacruz,865-445-2911,greenroy@example.org,"7840 Vasquez Fork Suite 742 East Anthony, MA 57524"
14,Steven Nunez IV,630-821-7197,robert21@example.net,"664 Joann Ways Suite 521 New Reginaldberg, TN 09612"
15,Diana Heath,716-322-9716,courtney74@example.org,"112 Valerie Lodge New John, DC 34538"
16,Kristina Wright,554-541-1614,hodgecameron@example.com,"8018 Johnston View Lake Kevinfurt, NH 63532"
17,Krystal Harrison,252-999-1490,jeffreywerner@example.net,"122 Larsen Trafficway Suite 978 Lake Matthewland, WV 96366"
18,James Garcia,716-947-1662,shelly64@example.net,"0436 Joseph Shoals Erinburgh, PR 29129"
19,Gabriel Bryant,359-650-6515,millerdale@example.org,"32627 Joseph Mountain Apt. 158 Dixonville, IN 63232"
20,Mary Turner,998-435-8514,justinbowen@example.com,"USS Reilly FPO AP 88912"
21,Randy Brooks,993-215-1736,villanuevarichard@example.net,"916 Taylor Crescent Ortizfort, KS 86296"
22,Erica Cox,932-675-7959,wpalmer@example.net,"4616 Vincent Pine Ianbury, SC 76782"
23,Erin Lewis,881-775-7753,kjacobs@example.org,"27225 Fritz Ways Suite 839 Timothyborough, NC 60409"
24,Michael Stout,792-217-7566,ugregory@example.net,"96159 Suzanne Light Sabrinahaven, MO 59117"
25,Judith Rivera,618-549-8781,nicholas57@example.net,"565 Robles Corners Hollyville, WY 54085"
26,Brian Holloway,303-499-2523,rebekahwelch@example.net,"Unit 0692 Box 2936 DPO AA 37982"
27,Tanya Simon,269-202-5592,christopher15@example.com,"121 Amy Center South Daniel, NM 83510"
28,Anthony Schmidt,991-353-6849,jenniferphillips@example.com,"4972 Ryan Brooks North Vernon, IL 71253"
29,Christopher Ward,695-517-2099,zrodgers@example.com,"8667 Scott Shores Floresland, AL 52750"
30,Jeffrey Kemp,950-200-4192,brownelizabeth@example.net,"764 Christine Ports Suite 527 Huangview, MT 60618"
31,Sarah Church,775-732-6218,kayla85@example.com,"Unit 5051 Box 4405 DPO AP 22527"
32,Dr. Michael Young MD,238-485-3320,shernandez@example.org,"0305 Fischer Parks Apt. 021 Danielton, NJ 80292"
33,Amanda Miller,898-890-4782,pevans@example.org,"181 Johnson Courts Apt. 461 Port Joseph, OR 34147"
34,Billy Lee,802-825-3962,bjones@example.net,"9075 Anthony Neck Suite 291 North Jonathan, IA 56926"
35,Grant Rodriguez,247-378-3524,justin77@example.org,"2692 Alexandra Trail Suite 605 Dawnbury, DC 63786"
36,Holly Conley,270-574-6160,markanderson@example.org,"4675 Valenzuela Mountains Suite 967 Millerside, AR 50701"
37,Bobby Hale,832-546-8306,patriciamccoy@example.net,"10792 Alexander Ways Apt. 533Alexandermouth, CT 35747"
38,Rita Brown,586-605-9235,jenna51@example.org,"988 Rodriguez Mall Port Tammy, OK 00705"
39,Johnathan Payne,698-673-3586,elizabeth12@example.net,"60678 Julie Cliffs Port Denise, IL 65826"
40,Rhonda Beasley,336-345-0874,shannonbennett@example.net,"4536 Holmes Port Apt. 872 Lake Alexandra, MN 86192"
41,Victoria Robbins,243-927-2717,michaelsmith@example.org,"3367 King Lock Apt. 894 New Stephenland, MN 26523"
42,Ashley Molina,763-566-0656,sandra14@example.org,"665 Eddie Extension Port Williamview, PA 99233"
43,Mrs. Rachel Jones,288-347-6192,wendyfleming@example.org,"USCGC Graham FPO AE 88078"
44,David Reyes,641-468-5988,ghoward@example.com,"5381 Tiffany Well Kathrynburgh, IN 41016"
45,Michael Miller,317-351-4481,jwhite@example.net,"5991 Williams Place Suite 183 Port Matthewchester, VT 71751"
46,Michele Steele,230-698-9302,bburnett@example.com,"59087 Hendrix Well East Samanthastad, AK 45079"
47,James Garcia,738-715-4393,timothy22@example.com,"108 Weber Way Cherylfort, FM 48749"
48,Pamela Martin,894-294-6849,scottfrancis@example.com,"6030 Taylor Mall Apt. 450 Blaketon, PR 02309"
49,Sara Baker,421-751-5119,rogersnicole@example.org,"8068 John Mountain Apt. 072 South Edward, MT 80777"
50,Jacqueline Oneal,720-991-7805,hensleysummer@example.net,"4425 Samuel Mission Suite 697 Johnberg, AL 29824"
